"Title","Content","Keywords"
"Securing Cloud Storage Buckets","Publicly exposed cloud storage buckets are among the most common causes of large-scale data breaches. Securing object storage such as AWS S3, Azure Blob Storage, or Google Cloud Storage starts with disabling public access by default, enforcing bucket policies, enabling server-side encryption, and regularly auditing access control lists.","cloud storage, s3, bucket security, encryption"
"Data Loss Prevention (DLP) in the Cloud","Data Loss Prevention (DLP) encompasses tools and policies designed to detect and prevent sensitive data such as personally identifiable information (PII), payment card data, or intellectual property from leaving an organization's control, whether through email, cloud sharing, or endpoint devices.","dlp, data protection, pii, compliance"
"Cloud Security Posture Management (CSPM)","Cloud Security Posture Management (CSPM) refers to tools and processes that continuously monitor cloud environments for misconfigurations, compliance violations, and deviations from security best practices across multi-cloud infrastructure.","cspm, misconfiguration, compliance, monitoring"
"Multi-Cloud Security Challenges","Multi-cloud environments, where an organization uses two or more cloud providers, introduce security challenges primarily around consistency and visibility. Each provider has its own IAM model, native security tools, and logging format, making unified policy enforcement difficult.","multi-cloud, iam, visibility, governance"
"Data Residency and Sovereignty in the Cloud","Data residency refers to the physical or geographic location where data is stored, while data sovereignty extends this concept to include which country's laws govern that data regardless of where it physically resides.","data residency, sovereignty, compliance, regulation"
"Zero Trust Network Architecture","Zero Trust is a security model built on the principle of never trust, always verify. Every request is authenticated and authorized regardless of whether it originates inside or outside the traditional network perimeter, using continuous verification and least-privilege access.","zero trust, network security, identity, least privilege"
"Identity and Access Management Best Practices","Effective Identity and Access Management (IAM) relies on the principle of least privilege, role-based access control, multi-factor authentication, and periodic access reviews to reduce the attack surface of cloud and on-premise systems.","iam, mfa, rbac, access control"
"Container Security Fundamentals","Container security spans the entire lifecycle from build to runtime, including scanning images for vulnerabilities, signing artifacts, restricting privileged containers, and monitoring runtime behavior for anomalies in orchestration platforms like Kubernetes.","containers, kubernetes, image scanning, runtime security"
"Phishing Attack Prevention","Phishing remains one of the most effective attack vectors because it targets human trust rather than technical vulnerabilities. Prevention combines email filtering, domain-based authentication like DMARC, security awareness training, and reporting workflows.","phishing, email security, social engineering, awareness training"
"Ransomware Defense Strategies","Defending against ransomware requires a layered approach: immutable backups, network segmentation, endpoint detection and response, timely patching, and an incident response plan that assumes eventual compromise.","ransomware, backup, edr, incident response"
"Encryption at Rest and in Transit","Encrypting data at rest protects information stored on disks or in databases, while encryption in transit protects data moving across networks using protocols like TLS. Together they form a baseline control for confidentiality.","encryption, tls, data protection, cryptography"
"Security Information and Event Management (SIEM)","SIEM platforms aggregate and correlate log data from across an organization's infrastructure to detect suspicious activity, support compliance reporting, and accelerate incident investigation through centralized visibility.","siem, logging, threat detection, soc"
"API Security Essentials","Securing APIs involves strong authentication, rate limiting, input validation, and careful management of API keys and tokens to prevent abuse, data exposure, and injection attacks against backend services.","api security, authentication, rate limiting, web security"
"Insider Threat Management","Insider threats originate from employees, contractors, or partners with legitimate access who misuse it, either maliciously or accidentally. Mitigation combines access monitoring, behavioral analytics, and clear offboarding procedures.","insider threat, ueba, access monitoring, offboarding"
"Supply Chain Security for Software","Software supply chain security addresses risks introduced through third-party dependencies, build pipelines, and open-source components, often mitigated with a software bill of materials (SBOM) and dependency scanning.","supply chain, sbom, dependency scanning, devsecops"
"Endpoint Detection and Response (EDR)","EDR solutions continuously monitor endpoint devices for signs of malicious activity, providing visibility into process execution, file changes, and network connections to enable rapid detection and response to threats.","edr, endpoint security, threat hunting, malware"
"Network Segmentation Strategies","Network segmentation divides a network into isolated zones to limit lateral movement in the event of a breach, commonly implemented through VLANs, firewalls, and micro-segmentation in cloud environments.","network segmentation, firewall, lateral movement, micro-segmentation"
"Password Policy and Authentication","Strong authentication practices move beyond simple password complexity rules toward passwordless approaches, multi-factor authentication, and passkeys, reducing reliance on credentials that are easily phished or reused.","password policy, mfa, passkeys, authentication"
"Vulnerability Management Lifecycle","A mature vulnerability management program continuously discovers assets, scans for known vulnerabilities, prioritizes remediation based on exploitability and business impact, and verifies fixes over time.","vulnerability management, patching, cve, risk scoring"
"Security Awareness Training Programs","Ongoing security awareness training helps employees recognize phishing, social engineering, and unsafe data handling practices, turning the workforce into an active layer of defense rather than the weakest link.","security training, awareness, phishing simulation, culture"
